Suite/Test/Step Name,Browser,Description,Tag,Start time,End time,Duration,Status
Access a Product,Chrome 127.0.0.0,,,2024-08-07 18:33:09,2024-08-07 18:34:04,54.405s,PASSED
,,,,,,,
Test Cases/Test Case Scenario/P001_Access a Product via category,Chrome 127.0.0.0,,,2024-08-07 18:33:10,2024-08-07 18:33:44,34.385s,PASSED
"ScenarioData = [""ScenarioId"":""P001_Access a Product via Category"", ""EntryPoint"":""Via Category""]",Chrome 127.0.0.0,,,2024-08-07 18:33:10,2024-08-07 18:33:10,0.005s,PASSED
"callTestCase(findTestCase(""Test Cases/Test Case Scenario/Master/Master_Access a Product""), ScenarioData)",Chrome 127.0.0.0,,,2024-08-07 18:33:10,2024-08-07 18:33:44,33.947s,PASSED
,,,,,,,
Test Cases/Test Case Scenario/P002_Access a Product via Search,Chrome 127.0.0.0,,,2024-08-07 18:33:44,2024-08-07 18:34:04,19.692s,PASSED
"ScenarioData = [""ScenarioId"":""P002_Access a Product via Search"", ""EntryPoint"":""Via Search""]",Chrome 127.0.0.0,,,2024-08-07 18:33:44,2024-08-07 18:33:44,0.002s,PASSED
"callTestCase(findTestCase(""Test Cases/Test Case Scenario/Master/Master_Access a Product""), ScenarioData)",Chrome 127.0.0.0,,,2024-08-07 18:33:44,2024-08-07 18:34:04,19.539s,PASSED
