Suite/Test/Step Name,Browser,Description,Tag,Start time,End time,Duration,Status
Access a Product,Chrome 127.0.0.0,,,2024-08-07 18:43:59,2024-08-07 18:44:36,37.152s,ERROR
,,,,,,,
Test Cases/Test Case Scenario/P001_Access a Product via category,Chrome 127.0.0.0,,,2024-08-07 18:43:59,2024-08-07 18:44:11,12.039s,ERROR
"ScenarioData = [""ScenarioId"":""P001_Access a Product via Category"", ""EntryPoint"":""Via Category""]",Chrome 127.0.0.0,,,2024-08-07 18:43:59,2024-08-07 18:43:59,0.004s,PASSED
"callTestCase(findTestCase(""Test Cases/Test Case Scenario/Master/Master_Access a Product""), ScenarioData)",Chrome 127.0.0.0,,,2024-08-07 18:43:59,2024-08-07 18:44:11,11.637s,ERROR
,,,,,,,
Test Cases/Test Case Scenario/P002_Access a Product via Search,Chrome 127.0.0.0,,,2024-08-07 18:44:11,2024-08-07 18:44:36,24.791s,PASSED
"ScenarioData = [""ScenarioId"":""P002_Access a Product via Search"", ""EntryPoint"":""Via Search""]",Chrome 127.0.0.0,,,2024-08-07 18:44:11,2024-08-07 18:44:11,0.004s,PASSED
"callTestCase(findTestCase(""Test Cases/Test Case Scenario/Master/Master_Access a Product""), ScenarioData)",Chrome 127.0.0.0,,,2024-08-07 18:44:11,2024-08-07 18:44:36,24.597s,PASSED
