Suite/Test/Step Name,Browser,Description,Tag,Start time,End time,Duration,Status
Access a Product,Chrome 127.0.0.0,,,2024-08-07 18:31:05,2024-08-07 18:32:08,1m - 3.270s,FAILED
,,,,,,,
Test Cases/Test Case Scenario/P001_Access a Product via category,Chrome 127.0.0.0,,,2024-08-07 18:31:05,2024-08-07 18:31:45,40.095s,FAILED
"ScenarioData = [""ScenarioId"":""P001_Access a Product via Category"", ""EntryPoint"":""Via Category""]",Chrome 127.0.0.0,,,2024-08-07 18:31:05,2024-08-07 18:31:05,0.004s,PASSED
"callTestCase(findTestCase(""Test Cases/Test Case Scenario/Master/Master_Access a Product""), ScenarioData)",Chrome 127.0.0.0,,,2024-08-07 18:31:05,2024-08-07 18:31:45,39.671s,FAILED
,,,,,,,
Test Cases/Test Case Scenario/P002_Access a Product via Search,Chrome 127.0.0.0,,,2024-08-07 18:31:45,2024-08-07 18:32:08,22.860s,PASSED
"ScenarioData = [""ScenarioId"":""P002_Access a Product via Search"", ""EntryPoint"":""Via Search""]",Chrome 127.0.0.0,,,2024-08-07 18:31:45,2024-08-07 18:31:45,0.003s,PASSED
"callTestCase(findTestCase(""Test Cases/Test Case Scenario/Master/Master_Access a Product""), ScenarioData)",Chrome 127.0.0.0,,,2024-08-07 18:31:45,2024-08-07 18:32:08,22.690s,PASSED
