Suite/Test/Step Name,Browser,Description,Tag,Start time,End time,Duration,Status
Access a Product,Chrome 127.0.0.0,,,2024-08-07 07:14:55,2024-08-07 07:15:50,55.468s,PASSED
,,,,,,,
Test Cases/Test Case Scenario/P001_Access a Product via category,Chrome 127.0.0.0,,,2024-08-07 07:14:55,2024-08-07 07:15:50,55.058s,PASSED
"ScenarioData = [""ScenarioId"":""P001_Access a Product via Category"", ""EntryPoint"":""Via Category""]",Chrome 127.0.0.0,,,2024-08-07 07:14:56,2024-08-07 07:14:56,0.007s,PASSED
"callTestCase(findTestCase(""Test Cases/Test Case Scenario/Master/Master_Access a Product""), ScenarioData)",Chrome 127.0.0.0,,,2024-08-07 07:14:56,2024-08-07 07:15:50,54.455s,PASSED
