Suite/Test/Step Name,Browser,Description,Tag,Start time,End time,Duration,Status
Access a Product,Chrome 127.0.0.0,,,2024-08-07 18:55:10,2024-08-07 18:55:49,38.954s,ERROR
,,,,,,,
Test Cases/Test Case Scenario/P001_Access a Product via category,Chrome 127.0.0.0,,,2024-08-07 18:55:10,2024-08-07 18:55:28,18.067s,ERROR
"ScenarioData = [""ScenarioId"":""P001_Access a Product via Category"", ""EntryPoint"":""Via Category""]",Chrome 127.0.0.0,,,2024-08-07 18:55:10,2024-08-07 18:55:10,0.005s,PASSED
"callTestCase(findTestCase(""Test Cases/Test Case Scenario/Master/Master_Access a Product""), ScenarioData)",Chrome 127.0.0.0,,,2024-08-07 18:55:10,2024-08-07 18:55:28,17.660s,ERROR
,,,,,,,
Test Cases/Test Case Scenario/P002_Access a Product via Search,Chrome 127.0.0.0,,,2024-08-07 18:55:28,2024-08-07 18:55:49,20.569s,PASSED
"ScenarioData = [""ScenarioId"":""P002_Access a Product via Search"", ""EntryPoint"":""Via Search""]",Chrome 127.0.0.0,,,2024-08-07 18:55:28,2024-08-07 18:55:28,0.003s,PASSED
"callTestCase(findTestCase(""Test Cases/Test Case Scenario/Master/Master_Access a Product""), ScenarioData)",Chrome 127.0.0.0,,,2024-08-07 18:55:28,2024-08-07 18:55:49,20.337s,PASSED
