Suite/Test/Step Name,Browser,Description,Tag,Start time,End time,Duration,Status
Access a Product,Chrome 127.0.0.0,,,2024-08-07 18:51:40,2024-08-07 18:52:13,33.555s,ERROR
,,,,,,,
Test Cases/Test Case Scenario/P001_Access a Product via category,Chrome 127.0.0.0,,,2024-08-07 18:51:40,2024-08-07 18:51:53,12.830s,ERROR
"ScenarioData = [""ScenarioId"":""P001_Access a Product via Category"", ""EntryPoint"":""Via Category""]",Chrome 127.0.0.0,,,2024-08-07 18:51:40,2024-08-07 18:51:40,0.008s,PASSED
"callTestCase(findTestCase(""Test Cases/Test Case Scenario/Master/Master_Access a Product""), ScenarioData)",Chrome 127.0.0.0,,,2024-08-07 18:51:40,2024-08-07 18:51:53,12.414s,ERROR
,,,,,,,
Test Cases/Test Case Scenario/P002_Access a Product via Search,Chrome 127.0.0.0,,,2024-08-07 18:51:53,2024-08-07 18:52:13,20.382s,PASSED
"ScenarioData = [""ScenarioId"":""P002_Access a Product via Search"", ""EntryPoint"":""Via Search""]",Chrome 127.0.0.0,,,2024-08-07 18:51:53,2024-08-07 18:51:53,0.003s,PASSED
"callTestCase(findTestCase(""Test Cases/Test Case Scenario/Master/Master_Access a Product""), ScenarioData)",Chrome 127.0.0.0,,,2024-08-07 18:51:53,2024-08-07 18:52:13,20.130s,PASSED
